101,55,2.02.2024 11:55:22
102,158,6.12.2023 05:23:12
103,388,22.05.2024 18:16:58
104,344,15.01.2024 04:07:05
105,291,28.06.2024 11:10:22
106,59,20.05.2024 23:10:11
107,126,9.05.2024 20:49:09
108,56,8.01.2024 21:14:55
109,249,10.06.2024 08:43:28
110,152,4.01.2024 10:12:02
111,308,17.03.2024 04:30:41
112,18,20.06.2024 16:29:37
113,285,5.12.2023 09:13:19
114,372,4.01.2024 09:02:11
115,205,6.06.2024 22:52:48
116,304,2.12.2023 22:33:55
117,193,21.03.2024 00:57:58
118,21,29.05.2024 18:40:47
119,47,10.12.2023 22:19:02
120,107,11.11.2023 13:23:26
121,180,24.04.2024 18:30:07
122,233,9.01.2024 14:57:17
123,375,24.05.2024 04:17:21
124,242,30.11.2023 23:48:12
125,330,20.01.2024 21:59:51
126,128,7.05.2024 05:39:35
127,263,22.11.2023 07:06:12
128,170,18.11.2023 00:36:06
129,313,17.02.2024 14:33:54
130,251,30.03.2024 05:50:05
131,325,28.02.2024 23:53:13
132,310,7.03.2024 01:01:44
133,75,12.04.2024 05:48:48
134,182,23.05.2024 13:07:08
135,120,26.04.2024 19:35:24
136,390,10.02.2024 17:49:34
137,365,13.12.2023 12:26:22
138,246,15.04.2024 11:24:16
139,81,26.03.2024 23:28:38
140,33,20.04.2024 01:54:51
141,189,23.12.2023 16:46:36
142,129,6.02.2024 21:40:38
143,104,10.03.2024 05:54:33
144,271,20.11.2023 03:54:17
145,340,30.06.2024 04:46:34
146,151,23.12.2023 03:57:07
147,344,17.11.2023 15:58:15
148,314,12.06.2024 01:38:31
149,371,15.05.2024 23:46:35
150,129,31.05.2024 11:31:12
151,341,26.01.2024 19:12:33
152,99,5.05.2024 01:34:44
153,144,1.06.2024 01:14:14
154,62,16.12.2023 03:33:26
155,211,10.05.2024 14:48:37
156,182,28.04.2024 07:20:25
157,324,8.04.2024 03:52:52
158,109,19.04.2024 10:54:02
159,343,15.04.2024 09:48:03
160,292,28.12.2023 11:03:11
161,312,5.07.2024 23:00:26
162,193,20.06.2024 03:43:23
163,350,14.01.2024 18:25:21
164,8,26.11.2023 14:15:39
165,147,12.04.2024 09:52:50
166,131,1.06.2024 06:42:52
167,272,10.02.2024 16:20:23
168,156,2.06.2024 06:01:34
169,334,15.02.2024 12:09:29
170,349,3.05.2024 19:57:51
171,324,10.12.2023 04:22:36
172,147,10.01.2024 10:34:36
173,360,17.12.2023 18:59:51
174,345,12.06.2024 11:15:25
175,22,14.06.2024 19:10:16
176,51,1.04.2024 16:49:07
177,97,2.01.2024 17:08:58
178,294,6.12.2023 13:23:11
179,52,29.04.2024 07:29:09
180,15,22.05.2024 05:58:02
181,7,9.06.2024 14:49:56
182,128,23.11.2023 07:37:59
183,77,24.01.2024 00:33:19
184,176,17.03.2024 03:20:40
185,12,17.11.2023 23:42:59
186,13,18.12.2023 02:45:31
187,244,24.11.2023 02:26:23
188,177,9.12.2023 20:46:36
189,373,26.05.2024 02:34:58
190,138,29.02.2024 05:13:38
191,5,19.03.2024 00:26:06
192,125,26.01.2024 17:20:58
193,100,30.12.2023 20:55:57
194,15,17.05.2024 04:00:39
195,202,4.01.2024 16:01:23
196,299,9.05.2024 08:22:37
197,269,3.03.2024 23:04:30
198,311,11.11.2023 19:41:15
199,290,5.01.2024 13:08:01
200,99,18.04.2024 00:23:57
201,252,6.12.2023 17:06:29
202,370,24.02.2024 03:31:52
203,151,17.03.2024 10:43:54
204,44,11.04.2024 01:56:09
205,31,27.06.2024 14:46:45
206,336,12.02.2024 08:39:37
207,59,6.05.2024 17:13:41
208,149,7.05.2024 13:58:12
209,245,18.04.2024 22:19:14
210,53,2.07.2024 11:50:53
211,251,3.07.2024 10:31:56
212,67,19.04.2024 11:19:36
213,90,1.02.2024 21:38:43
214,296,13.01.2024 21:51:07
215,114,3.05.2024 09:02:09
216,168,29.02.2024 01:13:21
217,90,24.11.2023 05:50:21
218,192,20.03.2024 12:17:24
219,326,3.06.2024 14:26:09
220,111,12.12.2023 10:54:32
221,173,27.04.2024 19:08:03
222,219,12.04.2024 08:47:35
223,181,21.11.2023 11:44:45
224,221,25.06.2024 23:20:51
225,22,25.03.2024 08:45:47
226,18,20.01.2024 16:50:55
227,314,26.11.2023 03:12:02
228,359,22.05.2024 13:40:14
229,212,3.07.2024 22:25:03
230,161,26.03.2024 11:18:19
231,14,10.04.2024 17:31:36
232,62,28.12.2023 20:16:38
233,121,20.01.2024 14:49:00
234,36,1.06.2024 10:59:08
235,326,2.06.2024 17:39:03
236,362,20.12.2023 21:25:31
237,11,30.01.2024 21:26:32
238,346,15.04.2024 04:44:38
239,271,22.11.2023 13:54:47
240,88,1.04.2024 23:03:54
241,36,10.03.2024 22:00:28
242,370,4.06.2024 09:23:12
243,184,10.02.2024 06:11:14
244,187,3.12.2023 04:04:57
245,76,2.03.2024 16:07:29
246,284,10.04.2024 10:46:53
247,275,15.05.2024 23:10:15
248,202,30.12.2023 17:56:56
249,223,12.03.2024 08:26:42
250,234,7.04.2024 07:28:25
251,322,4.04.2024 08:29:50
252,93,9.12.2023 21:39:10
253,126,6.04.2024 01:49:00
254,303,2.05.2024 13:38:32
255,148,29.06.2024 15:12:44
256,213,2.02.2024 17:11:08
257,13,12.01.2024 00:44:20
258,40,8.01.2024 07:00:05
259,365,6.04.2024 14:26:25
260,1,29.05.2024 10:14:18
261,43,26.11.2023 13:40:58
262,67,27.01.2024 14:14:32
263,321,5.06.2024 03:00:50
264,365,8.05.2024 18:48:56
265,339,1.02.2024 12:26:00
266,284,25.03.2024 22:26:06
267,359,16.11.2023 09:58:26
268,86,15.02.2024 19:29:53
269,111,16.03.2024 11:20:22
270,291,5.12.2023 23:59:24
271,292,25.02.2024 16:19:37
272,298,25.01.2024 15:00:24
273,202,10.06.2024 17:28:14
274,189,1.02.2024 10:19:44
275,384,21.03.2024 11:38:31
276,50,4.05.2024 23:34:48
277,304,6.05.2024 17:01:28
278,335,20.06.2024 10:44:25
279,280,3.07.2024 22:30:57
280,143,27.01.2024 06:16:51
281,371,19.12.2023 08:58:07
282,214,17.12.2023 20:36:52
283,234,23.02.2024 22:56:32
284,375,13.05.2024 18:51:25
285,97,12.03.2024 14:00:11
286,167,21.05.2024 17:28:56
287,123,15.04.2024 00:42:53
288,221,10.05.2024 23:50:39
289,387,27.12.2023 23:45:34
290,71,20.06.2024 16:59:27
291,36,24.11.2023 23:10:51
292,82,9.02.2024 21:48:17
293,115,1.06.2024 21:43:12
294,46,15.05.2024 17:12:20
295,112,25.04.2024 12:57:16
296,342,25.11.2023 03:01:41
297,394,7.04.2024 07:37:53
298,389,3.03.2024 23:01:31
299,260,23.06.2024 06:59:17
300,353,1.06.2024 18:55:44
301,8,1.07.2024 03:45:22
302,76,10.03.2024 15:04:28
303,104,22.02.2024 07:19:05
304,328,26.03.2024 23:25:22
305,339,27.01.2024 13:24:48
306,8,24.01.2024 04:23:11
307,16,27.02.2024 02:20:14
308,335,7.06.2024 21:55:12
309,110,29.03.2024 12:40:45
310,93,21.06.2024 07:06:00
311,366,15.12.2023 00:32:19
312,114,21.06.2024 03:48:14
313,334,11.04.2024 01:15:09
314,123,22.06.2024 07:59:32
315,62,24.12.2023 15:40:16
316,128,17.04.2024 16:39:22
317,161,29.11.2023 06:46:57
318,237,15.12.2023 14:13:39
319,239,4.05.2024 01:12:44
320,105,30.12.2023 18:39:13
321,4,16.12.2023 11:03:02
322,312,12.06.2024 05:32:30
323,167,24.12.2023 01:21:29
324,10,18.03.2024 15:25:29
325,385,17.06.2024 02:01:21
326,166,14.12.2023 01:42:04
327,54,17.02.2024 14:29:35
328,81,19.05.2024 03:09:38
329,35,11.11.2023 23:50:13
330,347,3.03.2024 16:06:18
331,102,25.12.2023 14:37:28
332,32,18.06.2024 13:32:23
333,106,13.12.2023 11:19:36
334,86,18.06.2024 06:56:20
335,251,5.06.2024 05:49:00
336,189,1.05.2024 17:10:56
337,355,25.11.2023 11:09:29
338,370,23.06.2024 17:23:32
339,264,25.04.2024 06:04:23
340,196,15.12.2023 23:53:34
341,224,15.04.2024 11:32:56
342,296,1.06.2024 01:03:53
343,54,6.04.2024 23:13:04
344,218,12.04.2024 22:53:47
345,110,8.03.2024 01:48:04
346,204,16.05.2024 02:37:09
347,128,18.01.2024 13:13:50
348,141,21.03.2024 08:01:12
349,254,25.11.2023 07:17:33
350,353,13.01.2024 08:34:03
351,208,2.01.2024 11:33:05
352,140,15.05.2024 01:21:19
353,238,26.11.2023 10:11:48
354,279,21.12.2023 05:06:13
355,79,11.01.2024 17:54:38
356,158,3.03.2024 01:51:44
357,172,21.05.2024 02:24:56
358,266,8.12.2023 06:35:10
359,89,16.05.2024 16:56:29
360,279,7.03.2024 16:17:51
361,208,29.05.2024 21:55:46
362,230,14.03.2024 19:44:44
363,110,24.02.2024 14:53:25
364,325,25.06.2024 20:29:33
365,5,31.12.2023 11:10:20
366,393,17.12.2023 12:56:15
367,228,1.05.2024 13:38:25
368,340,11.04.2024 18:06:23
369,45,22.03.2024 18:35:11
370,279,18.02.2024 23:55:38
371,391,30.12.2023 07:53:32
372,258,12.01.2024 17:11:05
373,66,12.05.2024 03:00:59
374,288,23.02.2024 13:41:28
375,295,26.12.2023 12:11:44
376,180,27.05.2024 15:05:29
377,89,26.06.2024 03:45:35
378,273,28.03.2024 02:54:29
379,345,18.06.2024 21:20:49
380,66,5.04.2024 07:23:16
381,388,28.12.2023 23:33:50
382,9,15.11.2023 15:39:26
383,9,10.02.2024 14:20:09
384,366,18.04.2024 23:14:04
385,211,18.12.2023 08:36:10
386,348,30.11.2023 07:39:49
387,354,6.05.2024 19:13:16
388,60,2.02.2024 20:36:16
389,157,4.04.2024 12:34:42
390,392,5.12.2023 13:19:23
391,334,19.01.2024 17:51:35
392,222,21.06.2024 06:51:23
393,6,22.06.2024 19:11:18
394,332,8.01.2024 10:00:33
395,132,12.02.2024 19:01:13
396,90,31.01.2024 17:33:43
397,209,15.06.2024 17:25:45
398,320,2.02.2024 07:55:51
399,125,12.03.2024 16:30:50
400,382,3.06.2024 01:48:53
401,269,8.01.2024 01:18:36
402,1,13.02.2024 18:48:26
403,258,17.04.2024 16:07:04
404,121,19.12.2023 13:16:10
405,265,13.12.2023 04:03:43
406,380,19.02.2024 21:30:21
407,67,2.06.2024 05:21:19
408,383,14.03.2024 11:18:42
409,394,29.11.2023 17:24:04
410,187,21.03.2024 08:23:00
411,39,15.12.2023 12:49:30
412,13,23.06.2024 10:09:13
413,368,5.02.2024 05:11:13
414,359,23.11.2023 07:30:08
415,133,14.01.2024 07:06:46
416,6,21.12.2023 11:35:32
417,352,16.12.2023 23:20:59
418,15,15.11.2023 02:45:29
419,15,11.01.2024 07:45:10
420,15,5.05.2024 13:21:12
421,5,14.12.2023 21:19:09
422,72,8.01.2024 08:59:11
423,147,26.03.2024 19:57:49
424,10,10.12.2023 17:35:35
425,123,13.01.2024 07:15:28
426,272,10.12.2023 06:03:10
427,373,29.11.2023 10:00:10
428,251,5.01.2024 15:46:58
429,149,19.02.2024 16:36:17
430,331,27.06.2024 22:46:26
431,318,31.03.2024 21:25:55
432,272,5.02.2024 21:54:30
433,164,7.01.2024 08:12:46
434,143,27.03.2024 06:27:46
435,194,1.07.2024 06:22:04
436,262,27.03.2024 19:51:23
437,352,18.11.2023 13:31:21
438,131,27.02.2024 15:30:54
439,262,7.02.2024 15:42:27
440,330,21.01.2024 11:35:41
441,206,26.04.2024 14:04:21
442,150,20.12.2023 00:32:44
443,190,25.04.2024 09:23:10
444,235,27.05.2024 07:06:29
445,290,20.04.2024 05:11:28
446,351,27.05.2024 15:40:55
447,236,7.02.2024 10:41:02
448,347,30.06.2024 10:44:19
449,317,26.06.2024 08:57:26
450,272,4.06.2024 16:48:22
451,362,23.04.2024 01:14:30
452,111,15.11.2023 18:51:24
453,192,18.03.2024 04:54:52
454,103,15.12.2023 12:53:15
455,173,4.07.2024 02:54:30
456,341,14.12.2023 19:04:22
457,267,28.06.2024 14:25:06
458,224,19.03.2024 11:01:27
459,179,24.03.2024 21:06:50
460,12,30.01.2024 07:50:05
461,226,2.04.2024 03:32:22
462,275,27.02.2024 12:03:23
463,134,1.06.2024 02:28:38
464,391,3.05.2024 16:52:58
465,117,21.03.2024 07:49:15
466,304,5.06.2024 13:02:31
467,2,7.03.2024 22:59:20
468,135,8.03.2024 13:31:06
469,112,13.11.2023 20:33:56
470,358,2.05.2024 15:40:00
471,227,22.02.2024 09:15:10
472,120,2.05.2024 11:51:26
473,58,7.12.2023 05:25:40
474,255,30.04.2024 09:55:34
475,71,12.03.2024 01:34:34
476,20,17.03.2024 08:17:32
477,123,21.06.2024 01:19:41
478,22,1.05.2024 18:09:33
479,149,11.12.2023 22:40:02
480,335,12.05.2024 03:11:40
481,73,13.01.2024 05:27:14
482,343,21.05.2024 20:12:36
483,155,2.05.2024 16:40:20
484,178,11.12.2023 11:59:26
485,149,26.06.2024 06:21:35
486,234,19.12.2023 03:18:09
487,303,5.04.2024 03:42:54
488,291,16.04.2024 10:02:47
489,384,31.05.2024 05:25:12
490,54,13.01.2024 21:44:05
491,395,6.06.2024 04:14:05
492,374,26.01.2024 18:04:25
493,75,1.07.2024 11:18:37
494,143,12.11.2023 12:13:17
495,163,24.06.2024 09:19:41
496,125,12.12.2023 05:56:03
497,273,17.11.2023 04:54:24
498,18,16.12.2023 06:22:48
499,154,15.05.2024 12:04:56
500,355,19.12.2023 06:04:52
501,173,18.11.2023 22:31:46
502,57,9.12.2023 09:05:29
503,59,24.05.2024 05:39:18
504,222,21.04.2024 06:04:40
505,37,3.12.2023 12:39:55
506,19,15.02.2024 16:47:52
507,166,28.05.2024 11:26:40
508,38,17.04.2024 11:57:31
509,273,28.12.2023 07:31:18
510,78,11.01.2024 16:19:48
511,20,24.02.2024 10:08:16
512,160,4.01.2024 15:35:07
513,362,13.06.2024 06:33:07
514,362,25.01.2024 05:06:35
515,71,12.01.2024 04:37:29
516,189,11.05.2024 16:37:08
517,90,4.02.2024 23:12:13
518,153,2.12.2023 15:15:47
519,391,9.01.2024 06:39:20
520,372,23.03.2024 10:11:14
521,181,9.05.2024 10:25:11
522,33,16.05.2024 08:30:38
523,347,2.06.2024 03:00:59
524,37,17.06.2024 23:39:44
525,317,2.01.2024 19:45:00
526,67,12.02.2024 19:30:33
527,217,30.04.2024 22:47:08
528,332,9.02.2024 12:06:20
529,391,22.03.2024 01:37:35
530,37,6.05.2024 19:36:18
531,277,5.01.2024 12:24:28
532,171,18.01.2024 19:17:42
533,16,24.12.2023 20:05:32
534,50,28.01.2024 04:07:52
535,36,5.01.2024 22:11:05
536,128,28.05.2024 22:07:25
537,351,9.12.2023 06:27:32
538,208,2.12.2023 07:53:30
539,11,12.03.2024 05:47:48
540,261,12.11.2023 16:03:56
541,13,6.04.2024 14:30:04
542,327,16.02.2024 00:21:55
543,357,7.05.2024 08:41:42
544,117,26.12.2023 00:50:40
545,263,28.12.2023 21:44:45
546,278,16.12.2023 16:16:13
547,157,21.11.2023 08:22:22
548,322,13.11.2023 23:23:11
549,99,28.06.2024 03:06:45
550,266,18.06.2024 13:39:12
551,271,24.06.2024 10:44:45
552,328,10.05.2024 17:51:42
553,115,26.02.2024 19:29:43
554,88,28.04.2024 20:16:36
555,297,8.03.2024 18:13:39
556,134,15.04.2024 04:20:03
557,104,29.01.2024 22:53:18
558,61,18.03.2024 00:02:45
559,12,28.12.2023 23:29:41
560,354,11.04.2024 08:06:36
561,167,21.04.2024 10:33:32
562,380,15.06.2024 11:41:26
563,145,6.05.2024 17:16:03
564,113,9.04.2024 17:49:56
565,24,25.01.2024 03:11:26
566,156,2.03.2024 18:10:01
567,260,25.06.2024 17:44:05
568,228,30.05.2024 13:47:18
569,263,11.12.2023 05:14:46
570,16,19.12.2023 05:28:41
571,217,24.11.2023 02:45:09
572,220,13.03.2024 11:13:31
573,261,29.04.2024 21:12:08
574,128,14.05.2024 16:27:52
575,325,29.02.2024 21:45:42
576,35,12.03.2024 20:16:13
577,74,18.04.2024 19:23:02
578,90,28.05.2024 08:02:24
579,99,10.01.2024 18:13:28
580,392,29.06.2024 20:56:36
581,179,29.01.2024 01:49:40
582,40,25.04.2024 10:11:43
583,105,27.12.2023 22:50:59
584,282,8.02.2024 18:33:47
585,174,9.05.2024 03:09:54
586,217,19.11.2023 02:12:48
587,276,17.03.2024 11:29:23
588,108,15.12.2023 01:03:30
589,80,2.12.2023 21:21:42
590,156,5.05.2024 15:22:27
591,120,8.02.2024 11:52:31
592,12,21.11.2023 08:24:09
593,239,15.05.2024 03:14:30
594,372,18.04.2024 16:48:13
595,129,16.05.2024 12:28:14
596,22,25.02.2024 08:25:18
597,361,18.01.2024 07:56:18
598,242,27.06.2024 15:45:06
599,53,22.12.2023 13:47:13
600,252,25.01.2024 03:56:02
601,22,3.05.2024 23:41:02
602,59,9.12.2023 17:30:36
603,272,23.01.2024 18:52:34
604,238,14.03.2024 10:36:52
605,131,21.12.2023 00:37:29
606,57,5.04.2024 07:04:31
607,155,20.01.2024 09:47:16
608,258,1.07.2024 10:53:34
609,12,15.11.2023 05:11:44
610,137,14.05.2024 22:56:21
611,335,4.07.2024 01:29:36
612,245,4.02.2024 18:49:29
613,329,28.05.2024 23:02:51
614,166,15.03.2024 12:47:27
615,82,3.02.2024 18:42:15
616,396,24.12.2023 06:00:57
617,174,12.11.2023 22:10:16
618,91,7.06.2024 11:20:52
619,156,5.01.2024 20:00:18
620,8,15.03.2024 05:33:34
621,52,30.04.2024 15:18:03
622,185,20.12.2023 19:01:43
623,398,2.01.2024 23:01:22
624,367,17.04.2024 10:33:05
625,377,2.04.2024 10:40:08
626,254,19.01.2024 09:56:56
627,309,23.12.2023 12:11:33
628,28,6.02.2024 15:56:38
629,224,30.01.2024 00:33:15
630,126,13.12.2023 06:10:05
631,199,6.04.2024 12:59:03
632,207,12.11.2023 12:50:23
633,185,21.04.2024 07:30:55
634,319,1.05.2024 23:22:27
635,236,25.04.2024 02:38:26
636,297,2.04.2024 02:45:57
637,150,25.12.2023 14:29:40
638,149,14.06.2024 00:41:02
639,177,25.01.2024 11:17:59
640,147,6.12.2023 14:27:07
641,327,25.04.2024 16:01:15
642,117,26.06.2024 12:27:03
643,374,2.07.2024 14:42:01
644,86,29.12.2023 19:32:17
645,276,4.02.2024 19:48:20
646,91,12.03.2024 02:45:14
647,184,26.02.2024 18:01:07
648,340,6.01.2024 08:46:15
649,53,23.02.2024 10:00:35
650,140,18.04.2024 04:26:22
651,99,27.01.2024 12:38:09
652,4,5.04.2024 03:33:58
653,248,4.12.2023 14:26:08
654,170,17.11.2023 17:55:26
655,117,28.03.2024 22:38:47
656,272,27.03.2024 04:14:34
657,187,2.12.2023 20:08:28
658,94,3.03.2024 20:02:25
659,385,20.04.2024 07:44:08
660,66,24.01.2024 12:47:34
661,49,14.01.2024 11:01:20
662,152,18.05.2024 04:20:41
663,8,18.02.2024 07:28:12
664,203,8.03.2024 02:49:07
665,41,16.01.2024 02:35:32
666,327,26.06.2024 16:36:13
667,236,30.03.2024 10:42:31
668,224,1.04.2024 05:48:26
669,359,7.03.2024 11:09:12
670,101,12.03.2024 13:39:08
671,394,2.05.2024 13:11:56
672,33,25.01.2024 01:45:12
673,210,29.06.2024 03:18:09
674,7,4.05.2024 17:04:12
675,165,3.02.2024 00:36:26
676,57,17.01.2024 23:43:09
677,245,20.04.2024 16:05:48
678,236,5.06.2024 09:18:02
679,159,23.06.2024 19:24:26
680,238,27.12.2023 09:34:18
681,156,1.04.2024 22:47:04
682,30,7.06.2024 15:40:47
683,382,25.05.2024 23:40:13
684,138,28.02.2024 09:42:35
685,220,4.12.2023 07:54:05
686,210,28.03.2024 07:03:09
687,258,7.05.2024 22:48:46
688,209,15.05.2024 19:19:02
689,51,18.02.2024 06:44:50
690,205,25.11.2023 09:20:33
691,36,19.02.2024 10:07:32
692,184,16.02.2024 15:30:32
693,298,3.06.2024 16:13:44
694,65,7.06.2024 03:56:09
695,300,30.05.2024 10:07:21
696,186,7.01.2024 03:16:04
697,8,15.12.2023 05:26:49
698,361,25.04.2024 05:47:46
699,289,13.01.2024 21:54:06
700,274,6.01.2024 06:29:32
701,162,25.12.2023 11:17:48
702,377,12.11.2023 02:18:24
703,106,31.01.2024 12:51:40
704,374,11.12.2023 15:52:28
705,155,3.01.2024 09:06:10
706,301,16.03.2024 11:21:01
707,236,8.01.2024 05:48:49
708,70,19.05.2024 02:30:13
709,218,18.11.2023 04:52:32
710,273,22.11.2023 17:15:55
711,221,8.03.2024 02:28:11
712,51,23.03.2024 00:38:04
713,345,18.01.2024 19:57:01
714,122,16.01.2024 17:52:53
715,249,10.12.2023 15:48:33
716,263,4.03.2024 16:00:33
717,78,12.05.2024 04:33:01
718,253,5.07.2024 01:19:06
719,213,29.03.2024 20:16:42
720,65,9.05.2024 20:41:25
721,156,18.01.2024 11:12:26
722,43,24.03.2024 15:06:38
723,246,21.01.2024 04:52:55
724,265,26.03.2024 07:52:52
725,106,4.03.2024 12:52:42
726,178,6.03.2024 11:40:13
727,373,20.11.2023 07:02:10
728,395,9.04.2024 14:45:12
729,288,28.05.2024 13:10:57
730,48,28.12.2023 14:19:15
731,53,8.05.2024 07:51:54
732,295,16.05.2024 04:05:09
733,245,22.04.2024 20:59:36
734,309,16.05.2024 23:20:53
735,73,29.11.2023 00:58:37
736,63,4.05.2024 03:56:33
737,46,1.03.2024 09:30:28
738,288,12.02.2024 12:56:04
739,35,22.04.2024 21:55:12
740,178,22.05.2024 06:44:22
741,275,19.01.2024 17:58:15
742,214,6.05.2024 15:08:31
743,205,9.01.2024 08:36:17
744,102,29.12.2023 02:30:32
745,191,4.03.2024 16:26:50
746,212,24.01.2024 10:44:43
747,275,14.12.2023 01:50:34
748,341,14.06.2024 09:11:30
749,130,17.04.2024 11:57:12
750,76,25.05.2024 03:41:59
751,61,10.03.2024 23:53:49
752,92,11.03.2024 09:19:10
753,380,28.01.2024 06:00:34
754,148,13.04.2024 13:34:52
755,111,8.01.2024 20:44:28
756,271,25.02.2024 02:35:38
757,238,20.01.2024 14:37:45
758,260,16.12.2023 22:08:11
759,370,10.03.2024 07:51:02
760,290,20.06.2024 09:57:31
761,289,2.03.2024 05:46:01
762,384,11.01.2024 10:00:43
763,293,8.03.2024 22:05:51
764,305,26.02.2024 01:33:23
765,361,8.01.2024 08:26:36
766,183,28.05.2024 20:45:45
767,185,2.03.2024 13:12:57
768,155,14.01.2024 15:12:47
769,307,1.01.2024 06:39:29
770,21,14.12.2023 02:01:14
771,204,25.02.2024 14:02:37
772,165,16.04.2024 04:56:55
773,370,11.06.2024 21:22:06
774,79,5.12.2023 07:59:15
775,91,15.02.2024 01:29:05
776,33,28.04.2024 10:50:34
777,335,1.05.2024 11:19:58
778,137,11.11.2023 12:16:02
779,397,13.11.2023 06:22:25
780,309,29.05.2024 09:37:03
781,268,20.05.2024 08:36:54
782,119,6.01.2024 08:42:55
783,120,14.02.2024 06:46:57
784,290,24.05.2024 08:24:48
785,88,2.01.2024 00:55:08
786,130,17.04.2024 13:51:48
787,334,26.11.2023 14:50:17
788,164,17.04.2024 11:58:42
789,275,16.02.2024 22:11:28
790,260,13.01.2024 00:11:08
791,177,25.12.2023 01:59:14
792,3,26.05.2024 09:34:16
793,149,12.03.2024 05:44:32
794,71,18.02.2024 09:58:09
795,241,28.04.2024 20:30:56
796,4,19.02.2024 00:23:35
797,49,18.12.2023 14:26:44
798,247,22.01.2024 14:45:33
799,287,9.01.2024 11:51:15
800,297,2.05.2024 16:23:36
801,196,31.03.2024 06:06:48
802,170,10.03.2024 03:26:33
803,18,28.02.2024 08:38:27
804,305,29.02.2024 06:21:11
805,124,29.03.2024 13:41:51
806,90,29.02.2024 22:18:34
807,16,21.05.2024 07:47:15
808,131,29.04.2024 05:29:45
809,179,28.11.2023 16:42:19
810,212,8.12.2023 18:12:25
811,367,11.03.2024 02:59:07
812,125,29.02.2024 04:54:18
813,34,13.04.2024 11:40:55
814,38,24.11.2023 11:16:24
815,372,17.11.2023 00:15:21
816,5,11.06.2024 13:40:34
817,138,22.05.2024 18:46:11
818,251,6.04.2024 22:31:09
819,14,28.11.2023 13:34:35
820,104,29.01.2024 05:49:24
821,225,15.06.2024 01:44:44
822,310,29.12.2023 10:14:25
823,9,13.06.2024 03:48:26
824,191,29.05.2024 02:14:43
825,325,24.03.2024 15:57:36
826,327,19.04.2024 16:20:52
827,29,28.05.2024 14:09:07
828,18,7.01.2024 13:29:30
829,305,30.11.2023 23:17:58
830,342,26.12.2023 01:49:21
831,233,17.01.2024 08:07:43
832,93,29.02.2024 00:24:11
833,213,23.03.2024 08:30:59
834,372,15.04.2024 12:05:52
835,138,17.02.2024 02:49:33
836,226,24.12.2023 05:35:04
837,216,2.01.2024 22:47:27
838,110,3.01.2024 20:05:02
839,372,30.06.2024 07:57:19
840,217,5.06.2024 11:22:39
841,177,26.03.2024 23:07:21
842,42,16.02.2024 08:53:23
843,393,25.04.2024 19:14:41
844,226,26.12.2023 02:48:30
845,304,20.02.2024 08:19:12
846,183,24.01.2024 13:58:30
847,340,10.06.2024 14:55:25
848,102,21.01.2024 16:11:12
849,317,25.03.2024 05:55:49
850,41,10.04.2024 04:24:11
851,189,19.01.2024 23:07:18
852,220,23.11.2023 19:50:05
853,121,3.05.2024 21:37:40
854,157,1.07.2024 09:53:50
855,373,23.06.2024 16:49:11
856,132,8.02.2024 20:34:30
857,111,5.02.2024 07:57:06
858,130,23.05.2024 16:43:34
859,26,22.03.2024 02:39:54
860,282,19.01.2024 08:49:36
861,206,29.06.2024 18:58:43
862,291,8.02.2024 12:47:35
863,278,13.12.2023 12:21:58
864,138,26.12.2023 06:14:15
865,196,18.03.2024 03:14:15
866,260,23.06.2024 05:20:26
867,19,18.05.2024 01:55:28
868,217,21.02.2024 11:09:10
869,51,21.11.2023 09:56:10
870,358,18.05.2024 19:34:43
871,258,21.04.2024 18:30:20
872,318,5.12.2023 18:17:07
873,13,18.01.2024 12:45:37
874,214,7.04.2024 04:20:40
875,63,1.07.2024 22:08:13
876,214,20.12.2023 10:24:54
877,163,21.03.2024 19:32:19
878,217,4.04.2024 21:43:46
879,146,22.04.2024 02:07:07
880,19,16.06.2024 19:09:17
881,167,9.12.2023 06:18:39
882,35,29.04.2024 03:25:37
883,107,17.05.2024 22:40:13
884,359,13.03.2024 11:22:11
885,236,9.01.2024 11:11:15
886,283,1.07.2024 10:14:27
887,305,4.01.2024 22:59:21
888,300,7.03.2024 18:47:21
889,304,30.06.2024 09:01:39
890,257,28.06.2024 21:14:02
891,303,9.03.2024 06:41:59
892,211,18.02.2024 17:21:51
893,57,16.02.2024 08:17:17
894,157,6.06.2024 15:36:42
895,91,12.05.2024 21:35:15
896,279,27.02.2024 21:49:03
897,290,29.04.2024 00:58:54
898,348,6.07.2024 20:31:32
899,366,14.03.2024 20:56:46
900,80,29.11.2023 20:41:52
901,310,15.02.2024 02:23:47
902,184,21.03.2024 00:52:18
903,309,18.03.2024 18:15:20
904,138,23.05.2024 14:09:17
905,339,12.04.2024 10:11:12
906,303,9.01.2024 00:45:06
907,41,5.05.2024 22:33:00
908,209,25.02.2024 23:06:37
909,323,5.06.2024 17:48:55
910,178,27.11.2023 00:24:36
911,32,25.11.2023 19:17:33
912,240,20.11.2023 03:30:02
913,397,2.02.2024 14:30:28
914,76,17.02.2024 05:49:57
915,119,20.02.2024 23:21:09
916,342,27.04.2024 08:58:24
917,161,6.12.2023 20:58:32
918,217,20.03.2024 04:17:49
919,186,29.11.2023 18:27:44
920,189,20.03.2024 12:31:03
921,254,12.03.2024 23:57:10
922,120,18.03.2024 05:58:59
923,265,16.03.2024 01:23:31
924,366,9.04.2024 13:41:24
925,384,19.11.2023 18:05:32
926,287,16.11.2023 01:27:18
927,105,21.01.2024 19:48:59
928,56,6.05.2024 19:51:17
929,339,14.01.2024 00:18:57
930,180,1.06.2024 18:05:12
931,150,26.04.2024 21:06:01
932,175,18.02.2024 09:54:24
933,135,18.12.2023 05:13:05
934,321,13.02.2024 20:14:13
935,273,19.12.2023 19:59:10
936,295,13.12.2023 08:16:04
937,250,24.04.2024 05:25:35
938,286,6.05.2024 09:01:29
939,131,27.04.2024 22:04:28
940,203,1.02.2024 19:46:45
941,304,27.02.2024 17:31:19
942,348,8.05.2024 09:01:11
943,322,22.11.2023 21:49:45
944,67,9.12.2023 06:48:59
945,253,13.11.2023 06:41:53
946,243,23.11.2023 17:15:49
947,257,19.05.2024 07:41:04
948,95,8.06.2024 05:32:28
949,276,10.06.2024 05:16:50
950,78,18.04.2024 01:57:31
951,38,23.04.2024 20:48:08
952,83,21.02.2024 05:08:35
953,348,27.01.2024 11:44:51
954,221,29.04.2024 20:15:40
955,90,16.04.2024 14:50:39
956,210,9.06.2024 00:54:35
957,266,12.02.2024 16:54:55
958,160,13.01.2024 20:00:22
959,39,25.03.2024 09:06:10
960,45,26.06.2024 01:00:36
961,236,25.11.2023 13:18:30
962,268,23.02.2024 07:13:46
963,134,28.02.2024 06:53:45
964,128,10.05.2024 07:03:06
965,71,14.02.2024 01:12:48
966,198,24.05.2024 12:49:47
967,117,29.04.2024 18:36:28
968,4,18.12.2023 11:06:13
969,291,16.12.2023 01:52:26
970,16,7.04.2024 22:32:45
971,119,11.11.2023 23:17:30
972,287,14.06.2024 00:19:29
973,186,3.03.2024 11:36:32
974,300,6.05.2024 16:52:15
975,142,3.01.2024 04:05:51
976,356,29.06.2024 23:46:07
977,267,16.03.2024 00:37:20
978,73,20.03.2024 13:51:54
979,370,24.02.2024 13:15:09
980,322,21.11.2023 22:10:52
981,123,21.12.2023 19:24:49
982,10,13.03.2024 06:07:44
983,20,28.03.2024 02:57:29
984,251,21.06.2024 20:58:16
985,48,24.01.2024 10:01:59
986,294,28.01.2024 20:12:34
987,321,7.03.2024 00:27:44
988,184,3.01.2024 20:42:35
989,196,30.12.2023 03:18:21
990,263,24.03.2024 08:05:51
991,242,9.04.2024 10:04:48
992,131,2.07.2024 21:37:44
993,281,13.11.2023 15:33:27
994,384,24.05.2024 17:28:53
995,131,25.11.2023 15:26:42
996,270,1.01.2024 15:55:39
997,387,23.01.2024 05:38:49
998,225,7.12.2023 02:04:22
999,80,24.05.2024 12:53:57
1000,386,16.06.2024 22:18:42
1001,239,16.06.2024 22:20:42
